sigma_coefficients,seed,bytes,exact_text,corruption_rejected,undetected_wrong_text,ideal_gaussian_success_probability,error
0.0,0,272,True,False,False,1.0,
0.0,1,272,True,False,False,1.0,
0.0,2,272,True,False,False,1.0,
0.0,3,272,True,False,False,1.0,
0.0,4,272,True,False,False,1.0,
0.0,5,272,True,False,False,1.0,
0.0,6,272,True,False,False,1.0,
0.0,7,272,True,False,False,1.0,
0.0,8,272,True,False,False,1.0,
0.0,9,272,True,False,False,1.0,
0.0,10,272,True,False,False,1.0,
0.0,11,272,True,False,False,1.0,
0.0,12,272,True,False,False,1.0,
0.0,13,272,True,False,False,1.0,
0.0,14,272,True,False,False,1.0,
0.0,15,272,True,False,False,1.0,
0.0,16,272,True,False,False,1.0,
0.0,17,272,True,False,False,1.0,
0.0,18,272,True,False,False,1.0,
0.0,19,272,True,False,False,1.0,
0.0,20,272,True,False,False,1.0,
0.0,21,272,True,False,False,1.0,
0.0,22,272,True,False,False,1.0,
0.0,23,272,True,False,False,1.0,
0.0,24,272,True,False,False,1.0,
0.0,25,272,True,False,False,1.0,
0.0,26,272,True,False,False,1.0,
0.0,27,272,True,False,False,1.0,
0.0,28,272,True,False,False,1.0,
0.0,29,272,True,False,False,1.0,
0.0,30,272,True,False,False,1.0,
0.0,31,272,True,False,False,1.0,
1e-06,0,272,True,False,False,1.0,
1e-06,1,272,True,False,False,1.0,
1e-06,2,272,True,False,False,1.0,
1e-06,3,272,True,False,False,1.0,
1e-06,4,272,True,False,False,1.0,
1e-06,5,272,True,False,False,1.0,
1e-06,6,272,True,False,False,1.0,
1e-06,7,272,True,False,False,1.0,
1e-06,8,272,True,False,False,1.0,
1e-06,9,272,True,False,False,1.0,
1e-06,10,272,True,False,False,1.0,
1e-06,11,272,True,False,False,1.0,
1e-06,12,272,True,False,False,1.0,
1e-06,13,272,True,False,False,1.0,
1e-06,14,272,True,False,False,1.0,
1e-06,15,272,True,False,False,1.0,
1e-06,16,272,True,False,False,1.0,
1e-06,17,272,True,False,False,1.0,
1e-06,18,272,True,False,False,1.0,
1e-06,19,272,True,False,False,1.0,
1e-06,20,272,True,False,False,1.0,
1e-06,21,272,True,False,False,1.0,
1e-06,22,272,True,False,False,1.0,
1e-06,23,272,True,False,False,1.0,
1e-06,24,272,True,False,False,1.0,
1e-06,25,272,True,False,False,1.0,
1e-06,26,272,True,False,False,1.0,
1e-06,27,272,True,False,False,1.0,
1e-06,28,272,True,False,False,1.0,
1e-06,29,272,True,False,False,1.0,
1e-06,30,272,True,False,False,1.0,
1e-06,31,272,True,False,False,1.0,
0.0001,0,272,True,False,False,1.0,
0.0001,1,272,True,False,False,1.0,
0.0001,2,272,True,False,False,1.0,
0.0001,3,272,True,False,False,1.0,
0.0001,4,272,True,False,False,1.0,
0.0001,5,272,True,False,False,1.0,
0.0001,6,272,True,False,False,1.0,
0.0001,7,272,True,False,False,1.0,
0.0001,8,272,True,False,False,1.0,
0.0001,9,272,True,False,False,1.0,
0.0001,10,272,True,False,False,1.0,
0.0001,11,272,True,False,False,1.0,
0.0001,12,272,True,False,False,1.0,
0.0001,13,272,True,False,False,1.0,
0.0001,14,272,True,False,False,1.0,
0.0001,15,272,True,False,False,1.0,
0.0001,16,272,True,False,False,1.0,
0.0001,17,272,True,False,False,1.0,
0.0001,18,272,True,False,False,1.0,
0.0001,19,272,True,False,False,1.0,
0.0001,20,272,True,False,False,1.0,
0.0001,21,272,True,False,False,1.0,
0.0001,22,272,True,False,False,1.0,
0.0001,23,272,True,False,False,1.0,
0.0001,24,272,True,False,False,1.0,
0.0001,25,272,True,False,False,1.0,
0.0001,26,272,True,False,False,1.0,
0.0001,27,272,True,False,False,1.0,
0.0001,28,272,True,False,False,1.0,
0.0001,29,272,True,False,False,1.0,
0.0001,30,272,True,False,False,1.0,
0.0001,31,272,True,False,False,1.0,
0.0005,0,272,True,False,False,0.9999999999987921,
0.0005,1,272,True,False,False,0.9999999999987921,
0.0005,2,272,True,False,False,0.9999999999987921,
0.0005,3,272,True,False,False,0.9999999999987921,
0.0005,4,272,True,False,False,0.9999999999987921,
0.0005,5,272,True,False,False,0.9999999999987921,
0.0005,6,272,True,False,False,0.9999999999987921,
0.0005,7,272,True,False,False,0.9999999999987921,
0.0005,8,272,True,False,False,0.9999999999987921,
0.0005,9,272,True,False,False,0.9999999999987921,
0.0005,10,272,True,False,False,0.9999999999987921,
0.0005,11,272,True,False,False,0.9999999999987921,
0.0005,12,272,True,False,False,0.9999999999987921,
0.0005,13,272,True,False,False,0.9999999999987921,
0.0005,14,272,True,False,False,0.9999999999987921,
0.0005,15,272,True,False,False,0.9999999999987921,
0.0005,16,272,True,False,False,0.9999999999987921,
0.0005,17,272,True,False,False,0.9999999999987921,
0.0005,18,272,True,False,False,0.9999999999987921,
0.0005,19,272,True,False,False,0.9999999999987921,
0.0005,20,272,True,False,False,0.9999999999987921,
0.0005,21,272,True,False,False,0.9999999999987921,
0.0005,22,272,True,False,False,0.9999999999987921,
0.0005,23,272,True,False,False,0.9999999999987921,
0.0005,24,272,True,False,False,0.9999999999987921,
0.0005,25,272,True,False,False,0.9999999999987921,
0.0005,26,272,True,False,False,0.9999999999987921,
0.0005,27,272,True,False,False,0.9999999999987921,
0.0005,28,272,True,False,False,0.9999999999987921,
0.0005,29,272,True,False,False,0.9999999999987921,
0.0005,30,272,True,False,False,0.9999999999987921,
0.0005,31,272,True,False,False,0.9999999999987921,
0.001,0,272,True,False,False,0.9763539690007776,
0.001,1,272,True,False,False,0.9763539690007776,
0.001,2,272,True,False,False,0.9763539690007776,
0.001,3,272,True,False,False,0.9763539690007776,
0.001,4,272,True,False,False,0.9763539690007776,
0.001,5,272,True,False,False,0.9763539690007776,
0.001,6,272,True,False,False,0.9763539690007776,
0.001,7,272,True,False,False,0.9763539690007776,
0.001,8,272,True,False,False,0.9763539690007776,
0.001,9,272,True,False,False,0.9763539690007776,
0.001,10,272,True,False,False,0.9763539690007776,
0.001,11,272,True,False,False,0.9763539690007776,
0.001,12,272,True,False,False,0.9763539690007776,
0.001,13,272,True,False,False,0.9763539690007776,
0.001,14,272,True,False,False,0.9763539690007776,
0.001,15,272,True,False,False,0.9763539690007776,
0.001,16,272,True,False,False,0.9763539690007776,
0.001,17,272,True,False,False,0.9763539690007776,
0.001,18,272,True,False,False,0.9763539690007776,
0.001,19,272,True,False,False,0.9763539690007776,
0.001,20,272,True,False,False,0.9763539690007776,
0.001,21,272,True,False,False,0.9763539690007776,
0.001,22,272,True,False,False,0.9763539690007776,
0.001,23,272,True,False,False,0.9763539690007776,
0.001,24,272,True,False,False,0.9763539690007776,
0.001,25,272,True,False,False,0.9763539690007776,
0.001,26,272,True,False,False,0.9763539690007776,
0.001,27,272,True,False,False,0.9763539690007776,
0.001,28,272,True,False,False,0.9763539690007776,
0.001,29,272,True,False,False,0.9763539690007776,
0.001,30,272,True,False,False,0.9763539690007776,
0.001,31,272,True,False,False,0.9763539690007776,
0.0015,0,272,False,True,False,0.0869575910003447,Wave corruption: SHA-256 integrity check failed
0.0015,1,272,False,True,False,0.0869575910003447,Wave corruption: SHA-256 integrity check failed
0.0015,2,272,False,True,False,0.0869575910003447,Wave corruption: SHA-256 integrity check failed
0.0015,3,272,False,True,False,0.0869575910003447,Wave corruption: SHA-256 integrity check failed
0.0015,4,272,False,True,False,0.0869575910003447,Wave corruption: SHA-256 integrity check failed
0.0015,5,272,False,True,False,0.0869575910003447,Wave corruption: SHA-256 integrity check failed
0.0015,6,272,False,True,False,0.0869575910003447,Wave corruption: SHA-256 integrity check failed
0.0015,7,272,True,False,False,0.0869575910003447,
0.0015,8,272,False,True,False,0.0869575910003447,Wave corruption: SHA-256 integrity check failed
0.0015,9,272,False,True,False,0.0869575910003447,Wave corruption: SHA-256 integrity check failed
0.0015,10,272,False,True,False,0.0869575910003447,Wave corruption: SHA-256 integrity check failed
0.0015,11,272,False,True,False,0.0869575910003447,Wave corruption: SHA-256 integrity check failed
0.0015,12,272,False,True,False,0.0869575910003447,Wave corruption: SHA-256 integrity check failed
0.0015,13,272,False,True,False,0.0869575910003447,Wave corruption: SHA-256 integrity check failed
0.0015,14,272,False,True,False,0.0869575910003447,Wave corruption: SHA-256 integrity check failed
0.0015,15,272,False,True,False,0.0869575910003447,Wave corruption: SHA-256 integrity check failed
0.0015,16,272,False,True,False,0.0869575910003447,Wave corruption: SHA-256 integrity check failed
0.0015,17,272,False,True,False,0.0869575910003447,Wave corruption: SHA-256 integrity check failed
0.0015,18,272,False,True,False,0.0869575910003447,Wave corruption: SHA-256 integrity check failed
0.0015,19,272,False,True,False,0.0869575910003447,Wave corruption: SHA-256 integrity check failed
0.0015,20,272,False,True,False,0.0869575910003447,Wave corruption: SHA-256 integrity check failed
0.0015,21,272,False,True,False,0.0869575910003447,Wave corruption: SHA-256 integrity check failed
0.0015,22,272,False,True,False,0.0869575910003447,Wave corruption: SHA-256 integrity check failed
0.0015,23,272,False,True,False,0.0869575910003447,Wave corruption: SHA-256 integrity check failed
0.0015,24,272,False,True,False,0.0869575910003447,Wave corruption: SHA-256 integrity check failed
0.0015,25,272,True,False,False,0.0869575910003447,
0.0015,26,272,False,True,False,0.0869575910003447,Wave corruption: SHA-256 integrity check failed
0.0015,27,272,False,True,False,0.0869575910003447,Wave corruption: SHA-256 integrity check failed
0.0015,28,272,False,True,False,0.0869575910003447,Wave corruption: SHA-256 integrity check failed
0.0015,29,272,False,True,False,0.0869575910003447,Wave corruption: SHA-256 integrity check failed
0.0015,30,272,True,False,False,0.0869575910003447,
0.0015,31,272,False,True,False,0.0869575910003447,Wave corruption: SHA-256 integrity check failed
0.002,0,272,False,True,False,8.96878749185488e-07,Wave corruption: SHA-256 integrity check failed
0.002,1,272,False,True,False,8.96878749185488e-07,Wave corruption: SHA-256 integrity check failed
0.002,2,272,False,True,False,8.96878749185488e-07,Wave corruption: SHA-256 integrity check failed
0.002,3,272,False,True,False,8.96878749185488e-07,Wave corruption: SHA-256 integrity check failed
0.002,4,272,False,True,False,8.96878749185488e-07,Wave corruption: SHA-256 integrity check failed
0.002,5,272,False,True,False,8.96878749185488e-07,Wave corruption: SHA-256 integrity check failed
0.002,6,272,False,True,False,8.96878749185488e-07,Wave corruption: SHA-256 integrity check failed
0.002,7,272,False,True,False,8.96878749185488e-07,Wave corruption: SHA-256 integrity check failed
0.002,8,272,False,True,False,8.96878749185488e-07,Wave corruption: SHA-256 integrity check failed
0.002,9,272,False,True,False,8.96878749185488e-07,Wave corruption: SHA-256 integrity check failed
0.002,10,272,False,True,False,8.96878749185488e-07,Wave corruption: SHA-256 integrity check failed
0.002,11,272,False,True,False,8.96878749185488e-07,Wave corruption: SHA-256 integrity check failed
0.002,12,272,False,True,False,8.96878749185488e-07,Wave corruption: SHA-256 integrity check failed
0.002,13,272,False,True,False,8.96878749185488e-07,Wave corruption: SHA-256 integrity check failed
0.002,14,272,False,True,False,8.96878749185488e-07,Wave corruption: SHA-256 integrity check failed
0.002,15,272,False,True,False,8.96878749185488e-07,Wave corruption: SHA-256 integrity check failed
0.002,16,272,False,True,False,8.96878749185488e-07,Wave corruption: SHA-256 integrity check failed
0.002,17,272,False,True,False,8.96878749185488e-07,Wave corruption: SHA-256 integrity check failed
0.002,18,272,False,True,False,8.96878749185488e-07,Wave corruption: SHA-256 integrity check failed
0.002,19,272,False,True,False,8.96878749185488e-07,Wave corruption: SHA-256 integrity check failed
0.002,20,272,False,True,False,8.96878749185488e-07,Wave corruption: SHA-256 integrity check failed
0.002,21,272,False,True,False,8.96878749185488e-07,Wave corruption: SHA-256 integrity check failed
0.002,22,272,False,True,False,8.96878749185488e-07,Wave corruption: SHA-256 integrity check failed
0.002,23,272,False,True,False,8.96878749185488e-07,Wave corruption: SHA-256 integrity check failed
0.002,24,272,False,True,False,8.96878749185488e-07,Wave corruption: SHA-256 integrity check failed
0.002,25,272,False,True,False,8.96878749185488e-07,Wave corruption: SHA-256 integrity check failed
0.002,26,272,False,True,False,8.96878749185488e-07,Wave corruption: SHA-256 integrity check failed
0.002,27,272,False,True,False,8.96878749185488e-07,Wave corruption: SHA-256 integrity check failed
0.002,28,272,False,True,False,8.96878749185488e-07,Wave corruption: SHA-256 integrity check failed
0.002,29,272,False,True,False,8.96878749185488e-07,Wave corruption: SHA-256 integrity check failed
0.002,30,272,False,True,False,8.96878749185488e-07,Wave corruption: SHA-256 integrity check failed
0.002,31,272,False,True,False,8.96878749185488e-07,Wave corruption: SHA-256 integrity check failed
0.003,0,272,False,True,False,8.716351845550445e-26,Wave corruption: SHA-256 integrity check failed
0.003,1,272,False,True,False,8.716351845550445e-26,Wave corruption: SHA-256 integrity check failed
0.003,2,272,False,True,False,8.716351845550445e-26,Wave corruption: SHA-256 integrity check failed
0.003,3,272,False,True,False,8.716351845550445e-26,Wave corruption: SHA-256 integrity check failed
0.003,4,272,False,True,False,8.716351845550445e-26,Wave corruption: SHA-256 integrity check failed
0.003,5,272,False,True,False,8.716351845550445e-26,Wave corruption: SHA-256 integrity check failed
0.003,6,272,False,True,False,8.716351845550445e-26,Wave corruption: SHA-256 integrity check failed
0.003,7,272,False,True,False,8.716351845550445e-26,Wave corruption: SHA-256 integrity check failed
0.003,8,272,False,True,False,8.716351845550445e-26,Wave corruption: SHA-256 integrity check failed
0.003,9,272,False,True,False,8.716351845550445e-26,Wave corruption: SHA-256 integrity check failed
0.003,10,272,False,True,False,8.716351845550445e-26,Wave corruption: SHA-256 integrity check failed
0.003,11,272,False,True,False,8.716351845550445e-26,Wave corruption: SHA-256 integrity check failed
0.003,12,272,False,True,False,8.716351845550445e-26,Wave corruption: SHA-256 integrity check failed
0.003,13,272,False,True,False,8.716351845550445e-26,Wave corruption: SHA-256 integrity check failed
0.003,14,272,False,True,False,8.716351845550445e-26,Wave corruption: SHA-256 integrity check failed
0.003,15,272,False,True,False,8.716351845550445e-26,Wave corruption: SHA-256 integrity check failed
0.003,16,272,False,True,False,8.716351845550445e-26,Wave corruption: SHA-256 integrity check failed
0.003,17,272,False,True,False,8.716351845550445e-26,Wave corruption: SHA-256 integrity check failed
0.003,18,272,False,True,False,8.716351845550445e-26,Wave corruption: SHA-256 integrity check failed
0.003,19,272,False,True,False,8.716351845550445e-26,Wave corruption: SHA-256 integrity check failed
0.003,20,272,False,True,False,8.716351845550445e-26,Wave corruption: SHA-256 integrity check failed
0.003,21,272,False,True,False,8.716351845550445e-26,Wave corruption: SHA-256 integrity check failed
0.003,22,272,False,True,False,8.716351845550445e-26,Wave corruption: SHA-256 integrity check failed
0.003,23,272,False,True,False,8.716351845550445e-26,Wave corruption: SHA-256 integrity check failed
0.003,24,272,False,True,False,8.716351845550445e-26,Wave corruption: SHA-256 integrity check failed
0.003,25,272,False,True,False,8.716351845550445e-26,Wave corruption: SHA-256 integrity check failed
0.003,26,272,False,True,False,8.716351845550445e-26,Wave corruption: SHA-256 integrity check failed
0.003,27,272,False,True,False,8.716351845550445e-26,Wave corruption: SHA-256 integrity check failed
0.003,28,272,False,True,False,8.716351845550445e-26,Wave corruption: SHA-256 integrity check failed
0.003,29,272,False,True,False,8.716351845550445e-26,Wave corruption: SHA-256 integrity check failed
0.003,30,272,False,True,False,8.716351845550445e-26,Wave corruption: SHA-256 integrity check failed
0.003,31,272,False,True,False,8.716351845550445e-26,Wave corruption: SHA-256 integrity check failed
0.005,0,272,False,True,False,1.010599465697159e-67,Wave corruption: SHA-256 integrity check failed
0.005,1,272,False,True,False,1.010599465697159e-67,Wave corruption: SHA-256 integrity check failed
0.005,2,272,False,True,False,1.010599465697159e-67,Wave corruption: SHA-256 integrity check failed
0.005,3,272,False,True,False,1.010599465697159e-67,Wave corruption: SHA-256 integrity check failed
0.005,4,272,False,True,False,1.010599465697159e-67,Wave corruption: SHA-256 integrity check failed
0.005,5,272,False,True,False,1.010599465697159e-67,Wave corruption: SHA-256 integrity check failed
0.005,6,272,False,True,False,1.010599465697159e-67,Wave corruption: SHA-256 integrity check failed
0.005,7,272,False,True,False,1.010599465697159e-67,Wave corruption: SHA-256 integrity check failed
0.005,8,272,False,True,False,1.010599465697159e-67,Wave corruption: SHA-256 integrity check failed
0.005,9,272,False,True,False,1.010599465697159e-67,Wave corruption: SHA-256 integrity check failed
0.005,10,272,False,True,False,1.010599465697159e-67,Wave corruption: SHA-256 integrity check failed
0.005,11,272,False,True,False,1.010599465697159e-67,Wave corruption: SHA-256 integrity check failed
0.005,12,272,False,True,False,1.010599465697159e-67,Wave corruption: SHA-256 integrity check failed
0.005,13,272,False,True,False,1.010599465697159e-67,Wave corruption: SHA-256 integrity check failed
0.005,14,272,False,True,False,1.010599465697159e-67,Wave corruption: SHA-256 integrity check failed
0.005,15,272,False,True,False,1.010599465697159e-67,Wave corruption: SHA-256 integrity check failed
0.005,16,272,False,True,False,1.010599465697159e-67,Wave corruption: SHA-256 integrity check failed
0.005,17,272,False,True,False,1.010599465697159e-67,Wave corruption: SHA-256 integrity check failed
0.005,18,272,False,True,False,1.010599465697159e-67,Wave corruption: SHA-256 integrity check failed
0.005,19,272,False,True,False,1.010599465697159e-67,Wave corruption: SHA-256 integrity check failed
0.005,20,272,False,True,False,1.010599465697159e-67,Wave corruption: SHA-256 integrity check failed
0.005,21,272,False,True,False,1.010599465697159e-67,Wave corruption: SHA-256 integrity check failed
0.005,22,272,False,True,False,1.010599465697159e-67,Wave corruption: SHA-256 integrity check failed
0.005,23,272,False,True,False,1.010599465697159e-67,Wave corruption: SHA-256 integrity check failed
0.005,24,272,False,True,False,1.010599465697159e-67,Wave corruption: SHA-256 integrity check failed
0.005,25,272,False,True,False,1.010599465697159e-67,Wave corruption: SHA-256 integrity check failed
0.005,26,272,False,True,False,1.010599465697159e-67,Wave corruption: SHA-256 integrity check failed
0.005,27,272,False,True,False,1.010599465697159e-67,Wave corruption: SHA-256 integrity check failed
0.005,28,272,False,True,False,1.010599465697159e-67,Wave corruption: SHA-256 integrity check failed
0.005,29,272,False,True,False,1.010599465697159e-67,Wave corruption: SHA-256 integrity check failed
0.005,30,272,False,True,False,1.010599465697159e-67,Wave corruption: SHA-256 integrity check failed
0.005,31,272,False,True,False,1.010599465697159e-67,Wave corruption: SHA-256 integrity check failed
0.01,0,272,False,True,False,5.648015475286001e-141,Wave corruption: SHA-256 integrity check failed
0.01,1,272,False,True,False,5.648015475286001e-141,Wave corruption: SHA-256 integrity check failed
0.01,2,272,False,True,False,5.648015475286001e-141,Wave corruption: SHA-256 integrity check failed
0.01,3,272,False,True,False,5.648015475286001e-141,Wave corruption: SHA-256 integrity check failed
0.01,4,272,False,True,False,5.648015475286001e-141,Wave corruption: SHA-256 integrity check failed
0.01,5,272,False,True,False,5.648015475286001e-141,Wave corruption: SHA-256 integrity check failed
0.01,6,272,False,True,False,5.648015475286001e-141,Wave corruption: SHA-256 integrity check failed
0.01,7,272,False,True,False,5.648015475286001e-141,Wave corruption: SHA-256 integrity check failed
0.01,8,272,False,True,False,5.648015475286001e-141,Wave corruption: SHA-256 integrity check failed
0.01,9,272,False,True,False,5.648015475286001e-141,Wave corruption: SHA-256 integrity check failed
0.01,10,272,False,True,False,5.648015475286001e-141,Wave corruption: SHA-256 integrity check failed
0.01,11,272,False,True,False,5.648015475286001e-141,Wave corruption: SHA-256 integrity check failed
0.01,12,272,False,True,False,5.648015475286001e-141,Wave corruption: SHA-256 integrity check failed
0.01,13,272,False,True,False,5.648015475286001e-141,Wave corruption: SHA-256 integrity check failed
0.01,14,272,False,True,False,5.648015475286001e-141,Wave corruption: SHA-256 integrity check failed
0.01,15,272,False,True,False,5.648015475286001e-141,Wave corruption: SHA-256 integrity check failed
0.01,16,272,False,True,False,5.648015475286001e-141,Wave corruption: SHA-256 integrity check failed
0.01,17,272,False,True,False,5.648015475286001e-141,Wave corruption: SHA-256 integrity check failed
0.01,18,272,False,True,False,5.648015475286001e-141,Wave corruption: SHA-256 integrity check failed
0.01,19,272,False,True,False,5.648015475286001e-141,Wave corruption: SHA-256 integrity check failed
0.01,20,272,False,True,False,5.648015475286001e-141,Wave corruption: SHA-256 integrity check failed
0.01,21,272,False,True,False,5.648015475286001e-141,Wave corruption: SHA-256 integrity check failed
0.01,22,272,False,True,False,5.648015475286001e-141,Wave corruption: SHA-256 integrity check failed
0.01,23,272,False,True,False,5.648015475286001e-141,Wave corruption: SHA-256 integrity check failed
0.01,24,272,False,True,False,5.648015475286001e-141,Wave corruption: SHA-256 integrity check failed
0.01,25,272,False,True,False,5.648015475286001e-141,Wave corruption: SHA-256 integrity check failed
0.01,26,272,False,True,False,5.648015475286001e-141,Wave corruption: SHA-256 integrity check failed
0.01,27,272,False,True,False,5.648015475286001e-141,Wave corruption: SHA-256 integrity check failed
0.01,28,272,False,True,False,5.648015475286001e-141,Wave corruption: SHA-256 integrity check failed
0.01,29,272,False,True,False,5.648015475286001e-141,Wave corruption: SHA-256 integrity check failed
0.01,30,272,False,True,False,5.648015475286001e-141,Wave corruption: SHA-256 integrity check failed
0.01,31,272,False,True,False,5.648015475286001e-141,Wave corruption: SHA-256 integrity check failed
0.03,0,272,False,True,False,4.3226641030114535e-268,Wave corruption: SHA-256 integrity check failed
0.03,1,272,False,True,False,4.3226641030114535e-268,Wave corruption: SHA-256 integrity check failed
0.03,2,272,False,True,False,4.3226641030114535e-268,Wave corruption: SHA-256 integrity check failed
0.03,3,272,False,True,False,4.3226641030114535e-268,Wave corruption: SHA-256 integrity check failed
0.03,4,272,False,True,False,4.3226641030114535e-268,Wave corruption: SHA-256 integrity check failed
0.03,5,272,False,True,False,4.3226641030114535e-268,Wave corruption: SHA-256 integrity check failed
0.03,6,272,False,True,False,4.3226641030114535e-268,Wave corruption: SHA-256 integrity check failed
0.03,7,272,False,True,False,4.3226641030114535e-268,Wave corruption: SHA-256 integrity check failed
0.03,8,272,False,True,False,4.3226641030114535e-268,Wave corruption: SHA-256 integrity check failed
0.03,9,272,False,True,False,4.3226641030114535e-268,Wave corruption: SHA-256 integrity check failed
0.03,10,272,False,True,False,4.3226641030114535e-268,Wave corruption: SHA-256 integrity check failed
0.03,11,272,False,True,False,4.3226641030114535e-268,Wave corruption: SHA-256 integrity check failed
0.03,12,272,False,True,False,4.3226641030114535e-268,Wave corruption: SHA-256 integrity check failed
0.03,13,272,False,True,False,4.3226641030114535e-268,Wave corruption: SHA-256 integrity check failed
0.03,14,272,False,True,False,4.3226641030114535e-268,Wave corruption: SHA-256 integrity check failed
0.03,15,272,False,True,False,4.3226641030114535e-268,Wave corruption: SHA-256 integrity check failed
0.03,16,272,False,True,False,4.3226641030114535e-268,Wave corruption: SHA-256 integrity check failed
0.03,17,272,False,True,False,4.3226641030114535e-268,Wave corruption: SHA-256 integrity check failed
0.03,18,272,False,True,False,4.3226641030114535e-268,Wave corruption: SHA-256 integrity check failed
0.03,19,272,False,True,False,4.3226641030114535e-268,Wave corruption: SHA-256 integrity check failed
0.03,20,272,False,True,False,4.3226641030114535e-268,Wave corruption: SHA-256 integrity check failed
0.03,21,272,False,True,False,4.3226641030114535e-268,Wave corruption: SHA-256 integrity check failed
0.03,22,272,False,True,False,4.3226641030114535e-268,Wave corruption: SHA-256 integrity check failed
0.03,23,272,False,True,False,4.3226641030114535e-268,Wave corruption: SHA-256 integrity check failed
0.03,24,272,False,True,False,4.3226641030114535e-268,Wave corruption: SHA-256 integrity check failed
0.03,25,272,False,True,False,4.3226641030114535e-268,Wave corruption: SHA-256 integrity check failed
0.03,26,272,False,True,False,4.3226641030114535e-268,Wave corruption: SHA-256 integrity check failed
0.03,27,272,False,True,False,4.3226641030114535e-268,Wave corruption: SHA-256 integrity check failed
0.03,28,272,False,True,False,4.3226641030114535e-268,Wave corruption: SHA-256 integrity check failed
0.03,29,272,False,True,False,4.3226641030114535e-268,Wave corruption: SHA-256 integrity check failed
0.03,30,272,False,True,False,4.3226641030114535e-268,Wave corruption: SHA-256 integrity check failed
0.03,31,272,False,True,False,4.3226641030114535e-268,Wave corruption: SHA-256 integrity check failed
