feature_mode,dimensions,case_id,time_s,direct_cosine_max_error,explicit_interference_max_error,answer_invariant,key_energy,key_energy_error
raw_bytes,256,q01,0.0,8.881784197001252e-16,6.106226635438361e-16,True,40.0,0.0
raw_bytes,256,q01,0.0137,8.881784197001252e-16,6.106226635438361e-16,True,40.0,0.0
raw_bytes,256,q01,1.0,8.881784197001252e-16,6.106226635438361e-16,True,40.0,0.0
raw_bytes,256,q01,1234.5,8.881784197001252e-16,6.106226635438361e-16,True,40.0,0.0
raw_bytes,256,q01,1000000000000.0,8.881784197001252e-16,6.106226635438361e-16,True,40.0,0.0
raw_bytes,256,q02,0.0,8.326672684688674e-16,8.326672684688674e-16,True,40.0,0.0
raw_bytes,256,q02,0.0137,8.326672684688674e-16,8.326672684688674e-16,True,40.0,0.0
raw_bytes,256,q02,1.0,8.326672684688674e-16,8.326672684688674e-16,True,40.0,0.0
raw_bytes,256,q02,1234.5,8.326672684688674e-16,8.326672684688674e-16,True,40.0,0.0
raw_bytes,256,q02,1000000000000.0,8.326672684688674e-16,8.326672684688674e-16,True,40.0,0.0
raw_bytes,256,q03,0.0,8.881784197001252e-16,9.992007221626409e-16,True,40.0,0.0
raw_bytes,256,q03,0.0137,8.881784197001252e-16,9.992007221626409e-16,True,40.0,0.0
raw_bytes,256,q03,1.0,8.881784197001252e-16,9.992007221626409e-16,True,40.0,0.0
raw_bytes,256,q03,1234.5,8.881784197001252e-16,9.992007221626409e-16,True,40.0,0.0
raw_bytes,256,q03,1000000000000.0,8.881784197001252e-16,9.992007221626409e-16,True,40.0,0.0
raw_bytes,1024,q01,0.0,1.2212453270876722e-15,1.2212453270876722e-15,True,40.0,0.0
raw_bytes,1024,q01,0.0137,1.2212453270876722e-15,1.2212453270876722e-15,True,40.0,0.0
raw_bytes,1024,q01,1.0,1.2212453270876722e-15,1.2212453270876722e-15,True,40.0,0.0
raw_bytes,1024,q01,1234.5,1.2212453270876722e-15,1.2212453270876722e-15,True,40.0,0.0
raw_bytes,1024,q01,1000000000000.0,1.2212453270876722e-15,1.2212453270876722e-15,True,40.0,0.0
raw_bytes,1024,q02,0.0,1.6653345369377348e-15,1.7763568394002505e-15,True,40.0,0.0
raw_bytes,1024,q02,0.0137,1.6653345369377348e-15,1.7763568394002505e-15,True,40.0,0.0
raw_bytes,1024,q02,1.0,1.6653345369377348e-15,1.7763568394002505e-15,True,40.0,0.0
raw_bytes,1024,q02,1234.5,1.6653345369377348e-15,1.7763568394002505e-15,True,40.0,0.0
raw_bytes,1024,q02,1000000000000.0,1.6653345369377348e-15,1.7763568394002505e-15,True,40.0,0.0
raw_bytes,1024,q03,0.0,8.881784197001252e-16,8.881784197001252e-16,True,40.0,0.0
raw_bytes,1024,q03,0.0137,8.881784197001252e-16,8.881784197001252e-16,True,40.0,0.0
raw_bytes,1024,q03,1.0,8.881784197001252e-16,8.881784197001252e-16,True,40.0,0.0
raw_bytes,1024,q03,1234.5,8.881784197001252e-16,8.881784197001252e-16,True,40.0,0.0
raw_bytes,1024,q03,1000000000000.0,8.881784197001252e-16,8.881784197001252e-16,True,40.0,0.0
raw_bytes,4096,q01,0.0,2.9976021664879227e-15,3.1086244689504383e-15,True,40.0,0.0
raw_bytes,4096,q01,0.0137,2.9976021664879227e-15,3.1086244689504383e-15,True,40.0,0.0
raw_bytes,4096,q01,1.0,2.9976021664879227e-15,3.1086244689504383e-15,True,40.0,0.0
raw_bytes,4096,q01,1234.5,2.9976021664879227e-15,3.1086244689504383e-15,True,40.0,0.0
raw_bytes,4096,q01,1000000000000.0,2.9976021664879227e-15,3.1086244689504383e-15,True,40.0,0.0
raw_bytes,4096,q02,0.0,1.887379141862766e-15,1.7763568394002505e-15,True,40.0,0.0
raw_bytes,4096,q02,0.0137,1.887379141862766e-15,1.7763568394002505e-15,True,40.0,0.0
raw_bytes,4096,q02,1.0,1.887379141862766e-15,1.7763568394002505e-15,True,40.0,0.0
raw_bytes,4096,q02,1234.5,1.887379141862766e-15,1.7763568394002505e-15,True,40.0,0.0
raw_bytes,4096,q02,1000000000000.0,1.887379141862766e-15,1.7763568394002505e-15,True,40.0,0.0
raw_bytes,4096,q03,0.0,2.9976021664879227e-15,2.9976021664879227e-15,True,40.0,0.0
raw_bytes,4096,q03,0.0137,2.9976021664879227e-15,2.9976021664879227e-15,True,40.0,0.0
raw_bytes,4096,q03,1.0,2.9976021664879227e-15,2.9976021664879227e-15,True,40.0,0.0
raw_bytes,4096,q03,1234.5,2.9976021664879227e-15,2.9976021664879227e-15,True,40.0,0.0
raw_bytes,4096,q03,1000000000000.0,2.9976021664879227e-15,2.9976021664879227e-15,True,40.0,0.0
raw_bytes,16384,q01,0.0,5.218048215738236e-15,5.329070518200751e-15,True,40.0,0.0
raw_bytes,16384,q01,0.0137,5.218048215738236e-15,5.329070518200751e-15,True,40.0,0.0
raw_bytes,16384,q01,1.0,5.218048215738236e-15,5.329070518200751e-15,True,40.0,0.0
raw_bytes,16384,q01,1234.5,5.218048215738236e-15,5.329070518200751e-15,True,40.0,0.0
raw_bytes,16384,q01,1000000000000.0,5.218048215738236e-15,5.329070518200751e-15,True,40.0,0.0
raw_bytes,16384,q02,0.0,4.218847493575595e-15,4.3298697960381105e-15,True,40.0,0.0
raw_bytes,16384,q02,0.0137,4.218847493575595e-15,4.3298697960381105e-15,True,40.0,0.0
raw_bytes,16384,q02,1.0,4.218847493575595e-15,4.3298697960381105e-15,True,40.0,0.0
raw_bytes,16384,q02,1234.5,4.218847493575595e-15,4.3298697960381105e-15,True,40.0,0.0
raw_bytes,16384,q02,1000000000000.0,4.218847493575595e-15,4.3298697960381105e-15,True,40.0,0.0
raw_bytes,16384,q03,0.0,7.993605777301127e-15,8.215650382226158e-15,True,40.0,0.0
raw_bytes,16384,q03,0.0137,7.993605777301127e-15,8.215650382226158e-15,True,40.0,0.0
raw_bytes,16384,q03,1.0,7.993605777301127e-15,8.215650382226158e-15,True,40.0,0.0
raw_bytes,16384,q03,1234.5,7.993605777301127e-15,8.215650382226158e-15,True,40.0,0.0
raw_bytes,16384,q03,1000000000000.0,7.993605777301127e-15,8.215650382226158e-15,True,40.0,0.0
words,256,q01,0.0,4.996003610813204e-16,4.440892098500626e-16,True,40.0,0.0
words,256,q01,0.0137,4.996003610813204e-16,4.440892098500626e-16,True,40.0,0.0
words,256,q01,1.0,4.996003610813204e-16,4.440892098500626e-16,True,40.0,0.0
words,256,q01,1234.5,4.996003610813204e-16,4.440892098500626e-16,True,40.0,0.0
words,256,q01,1000000000000.0,4.996003610813204e-16,4.440892098500626e-16,True,40.0,0.0
words,256,q02,0.0,2.220446049250313e-16,2.1684043449710089e-16,True,40.0,0.0
words,256,q02,0.0137,2.220446049250313e-16,2.1684043449710089e-16,True,40.0,0.0
words,256,q02,1.0,2.220446049250313e-16,2.1684043449710089e-16,True,40.0,0.0
words,256,q02,1234.5,2.220446049250313e-16,2.1684043449710089e-16,True,40.0,0.0
words,256,q02,1000000000000.0,2.220446049250313e-16,2.1684043449710089e-16,True,40.0,0.0
words,256,q03,0.0,2.220446049250313e-16,3.885780586188048e-16,True,40.0,0.0
words,256,q03,0.0137,2.220446049250313e-16,3.885780586188048e-16,True,40.0,0.0
words,256,q03,1.0,2.220446049250313e-16,3.885780586188048e-16,True,40.0,0.0
words,256,q03,1234.5,2.220446049250313e-16,3.885780586188048e-16,True,40.0,0.0
words,256,q03,1000000000000.0,2.220446049250313e-16,3.885780586188048e-16,True,40.0,0.0
words,1024,q01,0.0,4.440892098500626e-16,5.551115123125783e-16,True,40.0,0.0
words,1024,q01,0.0137,4.440892098500626e-16,5.551115123125783e-16,True,40.0,0.0
words,1024,q01,1.0,4.440892098500626e-16,5.551115123125783e-16,True,40.0,0.0
words,1024,q01,1234.5,4.440892098500626e-16,5.551115123125783e-16,True,40.0,0.0
words,1024,q01,1000000000000.0,4.440892098500626e-16,5.551115123125783e-16,True,40.0,0.0
words,1024,q02,0.0,7.771561172376096e-16,6.661338147750939e-16,True,40.0,0.0
words,1024,q02,0.0137,7.771561172376096e-16,6.661338147750939e-16,True,40.0,0.0
words,1024,q02,1.0,7.771561172376096e-16,6.661338147750939e-16,True,40.0,0.0
words,1024,q02,1234.5,7.771561172376096e-16,6.661338147750939e-16,True,40.0,0.0
words,1024,q02,1000000000000.0,7.771561172376096e-16,6.661338147750939e-16,True,40.0,0.0
words,1024,q03,0.0,4.440892098500626e-16,4.440892098500626e-16,True,40.0,0.0
words,1024,q03,0.0137,4.440892098500626e-16,4.440892098500626e-16,True,40.0,0.0
words,1024,q03,1.0,4.440892098500626e-16,4.440892098500626e-16,True,40.0,0.0
words,1024,q03,1234.5,4.440892098500626e-16,4.440892098500626e-16,True,40.0,0.0
words,1024,q03,1000000000000.0,4.440892098500626e-16,4.440892098500626e-16,True,40.0,0.0
words,4096,q01,0.0,2.55351295663786e-15,2.55351295663786e-15,True,40.0,0.0
words,4096,q01,0.0137,2.55351295663786e-15,2.55351295663786e-15,True,40.0,0.0
words,4096,q01,1.0,2.55351295663786e-15,2.55351295663786e-15,True,40.0,0.0
words,4096,q01,1234.5,2.55351295663786e-15,2.55351295663786e-15,True,40.0,0.0
words,4096,q01,1000000000000.0,2.55351295663786e-15,2.55351295663786e-15,True,40.0,0.0
words,4096,q02,0.0,6.106226635438361e-16,7.216449660063518e-16,True,40.0,0.0
words,4096,q02,0.0137,6.106226635438361e-16,7.216449660063518e-16,True,40.0,0.0
words,4096,q02,1.0,6.106226635438361e-16,7.216449660063518e-16,True,40.0,0.0
words,4096,q02,1234.5,6.106226635438361e-16,7.216449660063518e-16,True,40.0,0.0
words,4096,q02,1000000000000.0,6.106226635438361e-16,7.216449660063518e-16,True,40.0,0.0
words,4096,q03,0.0,7.771561172376096e-16,7.771561172376096e-16,True,40.0,0.0
words,4096,q03,0.0137,7.771561172376096e-16,7.771561172376096e-16,True,40.0,0.0
words,4096,q03,1.0,7.771561172376096e-16,7.771561172376096e-16,True,40.0,0.0
words,4096,q03,1234.5,7.771561172376096e-16,7.771561172376096e-16,True,40.0,0.0
words,4096,q03,1000000000000.0,7.771561172376096e-16,7.771561172376096e-16,True,40.0,0.0
words,16384,q01,0.0,1.3322676295501878e-15,1.2212453270876722e-15,True,40.0,0.0
words,16384,q01,0.0137,1.3322676295501878e-15,1.2212453270876722e-15,True,40.0,0.0
words,16384,q01,1.0,1.3322676295501878e-15,1.2212453270876722e-15,True,40.0,0.0
words,16384,q01,1234.5,1.3322676295501878e-15,1.2212453270876722e-15,True,40.0,0.0
words,16384,q01,1000000000000.0,1.3322676295501878e-15,1.2212453270876722e-15,True,40.0,0.0
words,16384,q02,0.0,1.1657341758564144e-15,1.1657341758564144e-15,True,40.0,0.0
words,16384,q02,0.0137,1.1657341758564144e-15,1.1657341758564144e-15,True,40.0,0.0
words,16384,q02,1.0,1.1657341758564144e-15,1.1657341758564144e-15,True,40.0,0.0
words,16384,q02,1234.5,1.1657341758564144e-15,1.1657341758564144e-15,True,40.0,0.0
words,16384,q02,1000000000000.0,1.1657341758564144e-15,1.1657341758564144e-15,True,40.0,0.0
words,16384,q03,0.0,3.4416913763379853e-15,3.3861802251067274e-15,True,40.0,0.0
words,16384,q03,0.0137,3.4416913763379853e-15,3.3861802251067274e-15,True,40.0,0.0
words,16384,q03,1.0,3.4416913763379853e-15,3.3861802251067274e-15,True,40.0,0.0
words,16384,q03,1234.5,3.4416913763379853e-15,3.3861802251067274e-15,True,40.0,0.0
words,16384,q03,1000000000000.0,3.4416913763379853e-15,3.3861802251067274e-15,True,40.0,0.0
hybrid,256,q01,0.0,6.661338147750939e-16,6.661338147750939e-16,True,40.0,0.0
hybrid,256,q01,0.0137,6.661338147750939e-16,6.661338147750939e-16,True,40.0,0.0
hybrid,256,q01,1.0,6.661338147750939e-16,6.661338147750939e-16,True,40.0,0.0
hybrid,256,q01,1234.5,6.661338147750939e-16,6.661338147750939e-16,True,40.0,0.0
hybrid,256,q01,1000000000000.0,6.661338147750939e-16,6.661338147750939e-16,True,40.0,0.0
hybrid,256,q02,0.0,2.220446049250313e-16,3.3306690738754696e-16,True,40.0,0.0
hybrid,256,q02,0.0137,2.220446049250313e-16,3.3306690738754696e-16,True,40.0,0.0
hybrid,256,q02,1.0,2.220446049250313e-16,3.3306690738754696e-16,True,40.0,0.0
hybrid,256,q02,1234.5,2.220446049250313e-16,3.3306690738754696e-16,True,40.0,0.0
hybrid,256,q02,1000000000000.0,2.220446049250313e-16,3.3306690738754696e-16,True,40.0,0.0
hybrid,256,q03,0.0,1.1102230246251565e-16,2.220446049250313e-16,True,40.0,0.0
hybrid,256,q03,0.0137,1.1102230246251565e-16,2.220446049250313e-16,True,40.0,0.0
hybrid,256,q03,1.0,1.1102230246251565e-16,2.220446049250313e-16,True,40.0,0.0
hybrid,256,q03,1234.5,1.1102230246251565e-16,2.220446049250313e-16,True,40.0,0.0
hybrid,256,q03,1000000000000.0,1.1102230246251565e-16,2.220446049250313e-16,True,40.0,0.0
hybrid,1024,q01,0.0,5.551115123125783e-16,5.551115123125783e-16,True,40.0,0.0
hybrid,1024,q01,0.0137,5.551115123125783e-16,5.551115123125783e-16,True,40.0,0.0
hybrid,1024,q01,1.0,5.551115123125783e-16,5.551115123125783e-16,True,40.0,0.0
hybrid,1024,q01,1234.5,5.551115123125783e-16,5.551115123125783e-16,True,40.0,0.0
hybrid,1024,q01,1000000000000.0,5.551115123125783e-16,5.551115123125783e-16,True,40.0,0.0
hybrid,1024,q02,0.0,3.3306690738754696e-16,2.7755575615628914e-16,True,40.0,0.0
hybrid,1024,q02,0.0137,3.3306690738754696e-16,2.7755575615628914e-16,True,40.0,0.0
hybrid,1024,q02,1.0,3.3306690738754696e-16,2.7755575615628914e-16,True,40.0,0.0
hybrid,1024,q02,1234.5,3.3306690738754696e-16,2.7755575615628914e-16,True,40.0,0.0
hybrid,1024,q02,1000000000000.0,3.3306690738754696e-16,2.7755575615628914e-16,True,40.0,0.0
hybrid,1024,q03,0.0,6.106226635438361e-16,6.106226635438361e-16,True,40.0,0.0
hybrid,1024,q03,0.0137,6.106226635438361e-16,6.106226635438361e-16,True,40.0,0.0
hybrid,1024,q03,1.0,6.106226635438361e-16,6.106226635438361e-16,True,40.0,0.0
hybrid,1024,q03,1234.5,6.106226635438361e-16,6.106226635438361e-16,True,40.0,0.0
hybrid,1024,q03,1000000000000.0,6.106226635438361e-16,6.106226635438361e-16,True,40.0,0.0
hybrid,4096,q01,0.0,1.1102230246251565e-15,9.992007221626409e-16,True,40.00000000000001,7.105427357601002e-15
hybrid,4096,q01,0.0137,1.1102230246251565e-15,9.992007221626409e-16,True,40.00000000000001,7.105427357601002e-15
hybrid,4096,q01,1.0,1.1102230246251565e-15,9.992007221626409e-16,True,40.0,0.0
hybrid,4096,q01,1234.5,1.1102230246251565e-15,9.992007221626409e-16,True,40.00000000000001,7.105427357601002e-15
hybrid,4096,q01,1000000000000.0,1.1102230246251565e-15,9.992007221626409e-16,True,40.00000000000001,7.105427357601002e-15
hybrid,4096,q02,0.0,1.27675647831893e-15,1.3877787807814457e-15,True,40.00000000000001,7.105427357601002e-15
hybrid,4096,q02,0.0137,1.27675647831893e-15,1.3877787807814457e-15,True,40.00000000000001,7.105427357601002e-15
hybrid,4096,q02,1.0,1.27675647831893e-15,1.3877787807814457e-15,True,40.0,0.0
hybrid,4096,q02,1234.5,1.27675647831893e-15,1.3877787807814457e-15,True,40.00000000000001,7.105427357601002e-15
hybrid,4096,q02,1000000000000.0,1.27675647831893e-15,1.3877787807814457e-15,True,40.00000000000001,7.105427357601002e-15
hybrid,4096,q03,0.0,9.43689570931383e-16,9.43689570931383e-16,True,40.00000000000001,7.105427357601002e-15
hybrid,4096,q03,0.0137,9.43689570931383e-16,9.43689570931383e-16,True,40.00000000000001,7.105427357601002e-15
hybrid,4096,q03,1.0,9.43689570931383e-16,9.43689570931383e-16,True,40.0,0.0
hybrid,4096,q03,1234.5,9.43689570931383e-16,9.43689570931383e-16,True,40.00000000000001,7.105427357601002e-15
hybrid,4096,q03,1000000000000.0,9.43689570931383e-16,9.43689570931383e-16,True,40.00000000000001,7.105427357601002e-15
hybrid,16384,q01,0.0,1.0547118733938987e-15,1.3877787807814457e-15,True,40.0,0.0
hybrid,16384,q01,0.0137,1.0547118733938987e-15,1.3877787807814457e-15,True,40.0,0.0
hybrid,16384,q01,1.0,1.0547118733938987e-15,1.3877787807814457e-15,True,40.0,0.0
hybrid,16384,q01,1234.5,1.0547118733938987e-15,1.3877787807814457e-15,True,40.0,0.0
hybrid,16384,q01,1000000000000.0,1.0547118733938987e-15,1.3877787807814457e-15,True,40.0,0.0
hybrid,16384,q02,0.0,8.326672684688674e-16,8.881784197001252e-16,True,40.0,0.0
hybrid,16384,q02,0.0137,8.326672684688674e-16,8.881784197001252e-16,True,40.0,0.0
hybrid,16384,q02,1.0,8.326672684688674e-16,8.881784197001252e-16,True,40.0,0.0
hybrid,16384,q02,1234.5,8.326672684688674e-16,8.881784197001252e-16,True,40.0,0.0
hybrid,16384,q02,1000000000000.0,8.326672684688674e-16,8.881784197001252e-16,True,40.0,0.0
hybrid,16384,q03,0.0,1.6653345369377348e-15,1.6653345369377348e-15,True,40.0,0.0
hybrid,16384,q03,0.0137,1.6653345369377348e-15,1.6653345369377348e-15,True,40.0,0.0
hybrid,16384,q03,1.0,1.6653345369377348e-15,1.6653345369377348e-15,True,40.0,0.0
hybrid,16384,q03,1234.5,1.6653345369377348e-15,1.6653345369377348e-15,True,40.0,0.0
hybrid,16384,q03,1000000000000.0,1.6653345369377348e-15,1.6653345369377348e-15,True,40.0,0.0
